Time,V1,V2,V3,V4,V5,V6,V7,V8,V9,V10,V11,V12,V13,V14,V15,V16,V17,V18,V19,V20,V21,V22,V23,V24,V25,V26,V27,V28,Amount,Class
28692.0,-29.2003285905744,16.1557014298057,-30.0137124857248,6.47673117996833,-21.2258096535165,-4.90299739658728,-19.791248405247,19.1683273897301,-3.61724178604255,-7.87012194292549,4.06625507293473,-5.66149242261771,1.29295014454242,-5.07984568135779,-0.126522740416921,-5.24447151974264,-11.2749725851252,-4.67843652929376,0.650807370688892,1.71586182428358,1.8093709332884,-2.17581520342142,-1.3651041075509,0.174286359566544,2.10386807204715,-0.209943999130567,1.27868097084218,0.372392714338541,99.99,1
68207.0,-13.1926709562391,12.785970638298,-9.90665002092758,3.32033688288942,-4.80117593230105,5.76005855618556,-18.7508891580107,-37.3534426378925,-0.391539743919107,-5.05250236713858,4.40680552357904,-4.61075647740608,-1.90948796970811,-9.07271093398351,-0.226074450896345,-6.21155748212485,-6.24814535335983,-3.14924669470095,0.0515761185277783,-3.49304991519446,27.2028391573154,-8.88701714094871,5.30360690376998,-0.639434802306313,0.263203123457008,-0.108876929971315,1.26956635541013,0.939407362758877,1.0,1
69334.0,-1.08609354830741,-0.157842546346982,0.259851504806316,0.230928600942759,-1.248654413457,0.630084696057352,1.61158421661346,0.304821631980905,-0.71868119519311,-1.09765478500192,-0.622783966459291,0.667834848852882,1.66948321266069,0.135155555823631,1.00128937656811,0.335771603230448,-0.336887993071783,-0.351574863797016,-0.463404834707125,0.846732216283879,0.306328921023016,0.0698052985719624,1.07880741746898,-0.441202289103597,-0.294377633926627,0.166971255218999,-0.2189894192434,0.0062880781882112,444.81,0
67878.0,-0.641329678517919,-0.0573038714724775,1.48999832943839,-1.68813094820556,-1.15104267004578,0.259995891228813,-1.39106940693213,-2.33407519715786,1.16864356799078,-2.08407993535079,0.480381323168464,0.473738382363737,-2.19227552032932,0.773941919366093,0.294483675644077,0.406074496090941,-0.541854847712498,1.03144968461293,0.0170758379785041,0.618410694486388,-1.23163402613829,0.257164172341017,-0.371953018281733,-0.0385660840591029,1.39751366250267,-0.665946911670186,0.0310030389738685,0.180356653493136,100.0,0
167123.0,-0.43207113598796,1.64789522283229,-1.66936062520264,-0.349504272026618,0.785784725005935,-0.63064671400393,0.276990104486731,0.586024545393355,-0.484715183068174,-1.37664826651817,-1.32833549117357,0.223620680818884,1.13262703780995,-0.550875406818697,0.616567935715225,0.497974163801037,0.502195472328869,0.981342761365518,0.10126396921911,-0.244633312576296,0.358931565613608,0.873663216519477,-0.178641812509582,-0.0171707728114413,-0.207391715007575,-0.157756437394835,-0.237385989488322,0.0019341238860032,1.5,0
41243.0,-10.9407391093978,6.26158585106885,-14.1823387841287,7.18360208606589,-9.95136334372547,-3.86082033664669,-13.5473021949163,7.09647164642187,-6.29402944276594,-13.6081431627279,7.12716532148781,-12.6110036871047,1.21455639781013,-13.9062968240505,1.51406990634864,-11.1257390593549,-19.7162573051191,-7.5527890897252,3.65678707068496,-0.0883420818722748,2.26744826134981,-0.492029167950335,-0.239302865923644,0.454368210214217,-0.101611062526814,0.446996732737119,0.062292646721181,-0.439769899530758,45.49,1
169347.0,1.37855899734127,1.28938093711056,-5.00424678441137,1.4118498419441,0.442580635567782,-1.3265359338336,-1.41316995590712,0.248525467627175,-1.12739593417081,-3.23215317539514,2.8584658156696,-3.09691489835154,-0.792532436177748,-5.21014084572584,-0.613803263850514,-2.15529688535221,-3.26711568106648,-0.68850546268346,0.737657217477667,0.226137945500703,0.370611857232494,0.0282344454140697,-0.145640429197154,-0.0810494069107769,0.521874501959455,0.739467256056059,0.389151843520624,0.186636547522687,0.76,1
25208.0,-1.9244507431243,1.58291866740578,-0.313364863518441,-2.90643378172785,2.2675013726818,3.15370599828621,0.398867888631988,0.587036695470543,1.48113139892929,1.90791450609157,0.0745449166225247,-0.35702241931054,-0.141620416478908,-0.81359802127444,0.864472608762907,0.616459696076492,-1.44276000040637,-0.0647903039544395,-0.517380490388771,1.19043520833372,-0.451114823884717,-0.59479430217146,-0.0973393742348906,1.00824784576952,0.126239264320671,0.709309183437119,0.662409693424825,0.16872032167973,7.3,0
144839.0,-6.42330645645221,1.65851450876035,-5.86643956435658,2.05206440242466,-0.615816842763718,-3.37226571107575,-5.03655575494585,2.64310601464633,-2.27463004673333,-7.04922935969585,3.9168025570096,-4.48127959922503,-1.02747932747206,-7.11387278226069,-0.852775229881616,-3.83955997447082,-5.05600998750159,-1.34449753083319,1.14847293881065,-0.713515810779757,0.641210915884323,-0.256678382381229,-2.33723276414845,-0.158277898470348,1.19879744465828,-0.261257806694643,0.78012548401824,-0.731800816194097,0.0,1
58769.0,-5.58425580684684,-4.7324127085262,-0.448451739541876,-0.121442312228179,-0.707411881424769,-0.114375894322543,-1.5546280896592,1.40212557990391,-0.0316931710476022,-0.942358120746689,-2.43950149783411,-0.552312042085715,-0.295587725981411,-0.250246079102062,-1.19773161503525,1.54955268115601,0.933236724007606,-1.23768948744087,0.41683161303068,-1.04690007229382,0.0416507431345933,0.621789023597085,0.223466599719787,-0.770137052985533,0.621182197801093,-0.0287379127911425,0.505194314510737,-1.89832277287378,101.49,0
130672.0,1.95538750064663,-0.0557385278504229,-1.54637591378545,0.979366729464768,0.533656310393013,-0.108332199177581,0.107600721959565,-0.0277845459356513,0.122445391462256,0.500365364243542,0.428302889979351,0.247856788004827,-0.839343739223424,0.848463051218357,0.0443415457187248,0.286058586884901,-0.928984581698514,0.677164280811006,-0.243883804293072,-0.212935413418481,0.292893003691355,0.800779215622982,-0.0424014695949017,0.275646675997679,0.303528449895033,-0.451590173924981,-0.0151987096922307,-0.0554921923213475,35.98,0
77202.0,-0.356326154090313,1.43530513012275,-0.813563965472736,1.99311717679272,2.0558775401316,-0.54357866590526,0.487691066602944,0.0854488054265826,-0.536351998021526,-2.23120932812687,0.273983570211148,-0.535839387011391,0.595677221650834,-5.14182349291966,0.732366764261792,0.623912780633594,4.09098324669186,1.63408402811385,0.26084733041578,0.303261648412104,-0.312862941766726,-0.687873797330169,-0.267002508610821,-1.15848006325515,0.271459963711122,-0.155397186179697,0.114328416432227,0.101525594435204,1.0,1
86376.0,-0.670238130057305,0.94520635153406,0.610050626297701,2.64006508673377,-2.70777462644103,1.95261056051566,-1.62460819938343,-5.22990786160988,0.21020202822781,-2.06990438955593,-0.529805728295342,0.999716276092526,-0.0861120244186652,-1.50855714024168,-0.450669492347937,-0.328387382736473,2.27027117814029,0.709666017682026,0.913175997078955,1.4749287568126,-2.50445018690737,1.43647237841825,0.351542386126581,0.648466904268149,0.579681417358758,0.0757375933335965,0.346717084034013,0.282208626038179,323.77,1
59385.0,-7.62692409246447,-6.97642000754641,-2.07791115073952,3.41675415987856,4.45875840248762,-5.08040779918275,-6.57894786782983,1.76034141396682,-0.599508728352202,-4.00174208524931,2.61176184321338,-2.21069105518154,0.145323220628924,-5.28167813117348,-1.44622731547596,-2.34217826208892,-4.44208205885268,-0.812202197039381,0.254771833248553,2.87526030369363,1.22479498325958,-0.656639147267532,-0.330810728527997,-0.0789460153087798,0.270305924800976,0.431119110160139,0.821381426988655,-1.05608777393768,18.98,1
146026.0,1.89403628953056,1.90580604250552,-3.51573007711281,4.50891315092218,2.04446624455689,-1.42046761821774,1.0574804459057,-0.281157347826589,-1.832603814167,-0.628463195272087,2.22079491381924,-0.741087888346352,-0.763719377938258,-4.94261241607845,-1.37829062017508,2.24421577907161,3.70206529090756,2.25681153235938,-1.95006033191067,-0.160163479388821,-0.144713035559334,-0.310108279131596,-0.101530027427529,-0.414960172274656,0.37659685003455,0.15077769870482,-0.0137115779366071,0.0480836587388137,2.22,1
141565.0,0.1149650477972,0.76676154669164,-0.494132199415659,0.116771978233793,0.86816853524791,-0.477982006349535,0.438495665220681,0.0630733402552484,-0.186207089214194,-0.159325098707444,1.20030360709416,0.281744446861465,-0.623844030466212,-0.658246292064356,-0.155888356613225,0.0562273489244218,0.653662125212474,0.33465531172159,1.02892683645358,0.0621985703923592,-0.284412898740297,-0.706865471630836,0.131404855625717,0.600742122018719,-0.604264275304309,0.26293785502267,0.0991446312768992,0.0108097183119463,4.49,1
95462.0,-4.37206751566026,2.71073493514369,0.122813077099017,-1.48204960954965,0.812320937846772,-1.51481784156506,0.726421784890883,-0.364423636276652,3.78736654902431,3.23766037775144,0.407354886616551,-2.69282038254693,0.991522769262633,0.451710402451355,-0.853174937377127,-0.316181206225217,0.074599039086597,-0.85811642180922,-1.00751940138834,1.04850635028753,-1.11394518713872,-1.38536758861016,-0.63006203613528,-0.08933359407888,1.1515140055927,0.256206134052668,1.41480632809305,0.766586182972502,1.79,0
161154.0,-3.38760102859385,3.97788074139497,-6.97858506511079,1.65776584508859,-1.10049973277578,-3.59948697320315,-3.68665071042962,1.94225222492139,-3.06508926692316,-7.50955747436829,2.98962640655731,-5.99363242425938,-0.164740077677312,-8.38844296921614,0.0421289980360236,-4.13750050093113,-6.1039030730781,-1.9729278028075,0.434072536887008,-0.0043005898337158,1.043587159264,0.26218867442789,-0.479223920984096,-0.326638199739289,-0.156938590387884,0.113806571374194,0.354124259953911,0.287592125204715,0.38,1
102669.0,-5.60369027985602,5.22219270751471,-7.51682997724608,8.11772427554261,-2.75685795265464,-1.57456462233583,-6.33034325040366,2.99841888080239,-4.50816689310713,-7.33437708370839,7.18872396524447,-10.6551809118898,2.59467986078199,-10.242859083204,-0.191158119172494,-5.50433407013933,-8.69777741257031,-1.93422536185434,1.95874993153475,0.227525994742654,1.24289620552409,0.428408392466797,-0.101183595116722,-0.520199121186447,-0.176937756589733,0.461449982566097,-0.106625180749266,-0.479661947808134,0.0,1
94330.0,-0.159188253451539,1.63642225435632,1.54599038025481,4.55479940392864,0.972500161314345,0.135619469003896,0.890709635187871,-0.308928981901544,-0.750671002033175,1.48808516225536,0.0189227146632523,-3.51495112016203,1.37852083915781,1.7509347239024,0.0364873683299348,-0.332543453736555,0.831240798746627,0.0272426739399668,1.11755527782445,0.374095700292396,-0.414908499381616,-0.725332563621993,0.0198138142745913,-0.0804172850283939,-0.566643849069187,0.0294988448472911,0.206860492083663,0.003060007736706,12.74,0
101597.0,0.91311613528992,1.1453810871791,-4.60287793273505,2.09180337375362,-0.473223859280585,-2.0854358325571,-1.67124403232231,0.0943965856348779,0.337798765397573,-4.4318096317282,4.87197985976052,-5.39522117678937,1.33250215621937,-4.60379669207464,-0.77731354811867,-2.57189156103509,-3.00361530529652,-0.225441388417525,0.252273565031692,0.50898474829098,0.40141574109896,-0.0849334160429759,-0.197684434494785,-0.283271078982557,0.387597335722074,-0.553526986386025,0.516274456782261,0.270828187083758,147.87,1
80283.0,-2.46059453078479,3.24668377005278,-1.20056505254367,0.472776778390024,-0.450201989441459,-1.3248041308759,0.53649882103156,0.391421167831007,0.926326902904338,2.81337111626065,-0.346674350941607,0.685641188625047,0.939867613558032,-0.0158954713514598,0.679980208745365,-0.699717053359501,-0.107672631207468,-0.340258133621217,0.133141121020275,1.06328735543853,-0.177066324647348,0.592217602195506,0.122559031444869,0.388747816947782,-0.307443114666669,-0.514957937922375,-0.0377584821801154,-0.647726401207648,1.79,0
52814.0,-1.10184700698197,-1.63244121283891,0.901066556872515,0.847752885502341,-1.24909072939532,0.654936785498635,1.44886782586722,0.0233079125519542,-0.136742416820243,-0.150129182778684,1.17235508293037,-0.795988136674965,-2.13695096583302,0.578869439330842,1.4121147225086,0.0134668068434063,-0.119204381070058,0.826814373772222,0.476859902488945,1.23027784051309,0.610653920616913,0.835795006603528,1.17995542066426,-0.0290908864225033,-0.300895693792436,0.699174952578756,-0.33607170899039,-0.177586827857027,519.9,1
62459.0,1.47660227602903,-1.09180655507714,0.526746776122146,-1.46377986095995,-1.39928635190756,-0.249066098710444,-1.19058261545972,0.0123581568450917,-1.64618119080076,1.38287093019826,-0.610264658448005,-1.13298962483212,0.0917901634969299,-0.277023146652937,1.08638561568627,-0.352855264350703,0.60057500641859,-0.355487164776091,-0.460131985270019,-0.366599868872594,-0.368111652545257,-0.704250210136175,0.167157587294985,-0.344857188397702,0.0889731928533125,-0.357177706789486,0.055135369275453,0.0224872157261839,17.1,0
27255.0,1.24880363165965,0.0472080527424612,0.423387603024424,-0.139515287417322,-0.592216994973765,-0.980653907823294,-0.0424160604375007,-0.123044006878744,-0.088962219197557,-0.0344388456351057,1.70452880790577,1.07421924457024,0.0915403912874814,0.451778735343782,0.316520558923799,0.342184642617772,-0.448283750961729,-0.252719570366612,0.379454093433173,-0.0646175827875216,-0.166215322610189,-0.50159816441391,0.124995340267787,0.594070382803042,0.119626029966656,0.816500848530432,-0.0894647479032046,-0.0040547877480504,0.0,0
58929.0,1.21413230286171,0.271086542604009,-0.292709065195996,0.880705569708567,0.287800832056747,-0.252425785698255,0.246389772117979,0.0492299562956051,-0.25847004911666,0.221704889249311,0.970540194688821,-0.0356160721349377,-1.77559821941213,1.11222280905188,0.446605110768448,-0.136548806902388,-0.305714530059765,-0.0053755728272321,-0.18630563605905,-0.277173616555707,0.0404389644125518,0.0921591566465116,-0.147433059772857,-0.334490507181473,0.735434106908058,-0.257980332218355,-0.0068366134183933,-0.0097868386956907,0.89,0
135851.0,2.01422519497794,-0.0679522819447945,-1.21250737660561,0.253798781655297,0.141839625352162,-0.707287101446508,0.164630131504078,-0.194787801353458,0.450414949964514,0.0543444171954193,0.728915772712281,1.34459819370077,0.3784602781484,0.443999610742939,-0.549075803511273,-0.0749015217964571,-0.692449955417495,-0.110358543744028,0.585393486437077,-0.192169189578574,-0.217009748377758,-0.49271076893558,0.231280266508562,-0.358533786620935,-0.0917189060554592,-0.585464586303619,-0.01321907875701,-0.0607679021381977,9.99,0
137877.0,1.82256454751655,-0.0699690310901363,-1.8344066740822,0.594613316986181,0.236756520197488,-1.32203971490197,0.519869577150049,-0.482661749297121,0.352448049529247,-0.580296589309548,-0.103485396245598,0.865771522797536,1.53111820260554,-0.999503658940974,0.800273407629583,0.109679151529681,0.344935376825279,0.273635147163446,-0.526396086962847,0.130384764678269,0.286871102417309,0.812012122468194,-0.14628191497362,-0.10014431741386,0.254457180560239,-0.11180881740344,-0.0121209799149567,-0.0082552508738766,123.5,0
58222.0,-1.32278906321956,1.55276821126964,-2.27692070362638,2.99211739124618,-1.94706392017319,-0.480288250384527,-1.36238752318047,0.953242226598613,-2.32962885992389,-3.39355348115172,3.1284396921776,-3.57039373078107,-0.595198191474463,-3.98841505479623,0.995905842419722,-2.84378455855144,-4.82624611607161,-0.703883464864473,2.15221455770756,0.988493486888991,0.614968996752659,-0.195199717277462,0.590711261700839,-0.233377663885038,-0.164285286785183,-0.27749787053455,0.428610084734921,0.246393746180351,270.0,1
85573.0,-1.7567118508365,3.26657425418237,-4.15338789695403,3.92452561357555,-1.7537718434176,-1.0057867792296,-4.31321717578502,1.56071190324579,-3.29567366751075,-6.2133552491157,4.52299197543382,-6.6528440527591,-0.12468523386066,-8.60448620191387,0.110359314846888,-5.94548061159606,-9.33893779428438,-2.39019258818085,3.18415235636348,0.874720103498016,0.911427441871296,0.0530612807310541,-0.367700953962814,-0.776337755840596,0.292093831084717,0.025999713844171,1.0629681996854,0.501148168228208,1.0,1
93920.0,-12.3810482122443,8.21302215295327,-16.9625296493409,7.11609059812684,-9.77282635905051,-3.66683564785878,-16.1473633736285,2.07870595319163,-4.25065683444105,-16.7460441053944,7.42580096307482,-15.5648376012203,-0.426338420425742,-14.0295376738875,-1.68188923012087,-11.1337609764854,-15.8335888785336,-5.74853293843859,2.27108150670047,0.53779490001906,0.1677033350947,1.5034133341063,-0.767755381526479,0.371951476263823,-1.41563947948017,-0.517022160118675,-0.434620522533755,0.292721057342818,97.0,1
85181.0,-3.00345942213401,2.09615030972986,-0.487030347865578,3.06945315960973,-1.77432868427117,0.251804209642436,-4.32877649482139,-2.42547814428288,-0.985222033510513,-3.99521073403213,1.8806015528528,-2.32517912777326,0.636458662971611,-5.41749934539643,-0.262909464785021,-3.81808566437699,-3.70070702592749,-1.99141207812339,0.779950535234061,0.692537380835205,0.163966694003732,1.24564832133152,-0.269241340185825,0.537102119409512,-0.220756683145222,-0.0595547732936557,0.460709677482052,-0.0335506071081744,2.0,1
60353.0,-3.97521647515777,0.581573270980264,-1.88037210743636,4.31924127992395,-3.02432976021596,1.24079277107972,-1.90955892631241,0.660717557074542,-2.7526105653686,-3.55038539904852,4.83896418696128,-6.04023537903875,-0.374460483695606,-6.22194535944177,0.958758443736388,-5.07364263456328,-10.441008666182,-3.75552460094433,0.606452965011177,-0.656511434265513,0.578984295739867,1.39731081981072,1.04532195036713,-0.303999869268857,0.0052949592507338,0.235435243641064,0.962014797484666,-0.67355739317081,454.82,1
135314.0,-3.15898973247843,1.7654516187093,-3.39016804993175,0.9874099790721,-1.50993036564483,-1.28095213137771,-2.71955696702151,0.718324816575686,-1.66018323527908,-3.8410981507899,3.28282460993431,-3.90687694585664,0.951367704021229,-4.89818303490097,-0.551999608913709,-4.78744841664753,-9.33432947229458,-2.58024865554763,1.50157346167502,-0.0225898632000452,1.12053278888547,1.60508518555367,-0.618637378199115,-0.251282996939273,-0.240527821958069,-0.0043267561942135,-0.2354773111409,0.0181292220019296,84.28,1
62467.0,-5.34466537543542,-0.285760408166142,-3.83561578178611,5.33704802681048,-7.60990870021268,3.8746680317393,1.28962992438915,0.201741916806601,-3.00353243733788,-3.9905513318108,4.98601380361468,-6.11638322304304,0.0423244061770454,-6.04339314434942,1.82140103177852,-4.7454624675489,-10.0756455907271,-3.6045960155148,1.43529381015392,-1.56216235780532,0.276010822180054,1.34204455689584,-1.01657869464831,-0.0713612973880671,-0.335869334726878,0.441044176004645,1.52061262049821,-1.11593680318009,1402.16,1
69183.0,-1.69353815680404,0.29096582167493,1.67157765215837,-0.259661724185589,1.16233423547239,-0.998880429964601,-0.177200543210964,-0.672750019377147,-0.306063488689744,-0.868534232733414,-0.23078673037469,-0.413842164134933,-0.942467658834801,-0.163042065848175,0.925540576936098,0.403554384132887,0.185180094317967,-0.541885622022086,-1.0150632748604,-0.480869390783006,0.489967415783908,-1.0738480105344,-0.186134321955585,0.0111125352812365,0.129623624586971,0.0612852157709951,0.173834991889989,0.0239109933424912,1.29,0
82289.0,-1.46489654758402,1.97552752738073,-1.07714453940265,2.81919063998449,0.069850228405671,-0.789043629709432,-1.19610144945515,0.673654375004339,-1.36372387646135,-2.9328952580311,0.301368829965399,-3.24614143685335,-0.465640147552938,-5.42936187944371,-1.30498291640657,-0.953623442669269,-2.72734300093373,-0.63643691865914,-0.927124072666602,0.048968800272123,0.174099465690177,-0.272505290211891,-0.0315494503920774,-0.406165929676999,0.157768979757404,-0.104392920359594,0.0737955599806211,-0.0415702518454821,1.0,1
51112.0,-9.84877583247984,7.36554648639464,-12.8985382309124,4.27332307326376,-7.61199101126967,-3.4270452374345,-8.35080815251842,6.86360392236365,-2.3875673251028,-6.06578236274727,2.70785640511515,-6.13603446645473,-0.545976095807375,-7.02898027290706,0.916068574603162,-4.09288449351717,-7.01462170672071,-2.5309672589153,0.554027499068527,0.832398066019608,0.931958309450931,-0.87446736131737,-0.192639469446569,-0.0354260265633338,0.538665050436448,-0.263933516556866,1.13409509350836,0.225973163975667,99.99,1
87883.0,-1.36029263351035,-0.45806896998712,-0.700403917726715,2.73722917151503,-1.00510597388675,2.89139936351597,5.80253735302589,-1.93319735249124,-1.01771714252211,1.987861862693,0.504116141204789,-0.863430853145281,-0.184450076491427,-1.01691553500414,-1.55941019827384,1.15431268558106,-2.04385766822656,-0.151698807119589,-0.94351353548825,-1.49340137472525,-0.936989532415364,-0.0538115862306455,0.580105893889531,0.216927302487974,0.151642929701357,-0.33211456915886,-0.469800301881959,-1.495005896766,829.41,1
93834.0,-3.7656801220835,5.8907352377921,-10.2022676310229,10.2590359766218,-5.61144841660942,-3.23537557925717,-10.6326834778618,3.27271632618119,-5.26890524285018,-11.1821254546586,8.87947566765026,-18.4311310279993,-0.232822027713119,-15.0216572999306,0.141186252914787,-12.1863624982841,-20.1655673800665,-7.05165135326307,2.50082720798487,1.19413732146866,2.24560593428534,0.546320674537693,0.381853427747185,0.382024544024505,-0.82103649456311,0.394355120127285,1.4129609931535,0.782407053763083,0.01,1
58476.0,0.77913538610769,-0.451613600495368,0.51584452391569,1.29295939582581,-0.803195937844079,-0.68233825797837,0.200755365990523,-0.150292649597957,0.199467047478321,-0.134089670365611,-0.371968567298651,0.156726773972465,-0.106495567100306,0.325366076858979,1.2233235991972,0.41450177307008,-0.529040028799788,-0.11821326717168,-0.437782955696562,0.309016748790296,-0.0591398661493064,-0.695851857372967,-0.0812219528774526,0.353466060369136,0.208872078821561,-0.64654022517968,-0.0067598805560891,0.0731702223198236,228.61,0
157885.0,1.85600394494833,-1.09198857180893,-1.09452599576508,0.536984316414389,-0.460546864408321,0.257929760240599,-0.548791010118107,-0.0067318584342177,-0.136464831543382,0.953864575021698,-2.00699492880703,-0.609613117944753,-0.204192272236451,0.0363150765498185,0.317903266841066,-1.06335257707425,-0.57955330004991,1.69862339527506,-1.00779835134191,-0.356007437504851,-0.29101238164635,-0.599191844879728,0.0851439804199295,-0.0533491535277418,-0.12722555891233,-0.67490374347964,0.0296650758442623,-0.0061755116305968,156.0,0
66315.0,-0.745323972512803,1.37441120959946,-0.240707834002009,0.59274068797294,0.0365718972483223,0.642730593641274,-0.0984139826306608,1.00945746160616,-0.931696776116203,-0.366033657267037,0.0297444386255526,0.405037254342136,-0.127257420914595,1.13458888127508,0.632134920689449,0.237009840850384,-0.258529931906349,0.627753629287174,0.71155708136054,-0.277442763060007,0.226342703927918,0.39016343058581,-0.106835065249745,-1.14965418032328,-0.0792811767853763,-0.25168990922215,-0.280062945359948,-0.118391813264715,42.0,0
139816.0,-0.395582180999488,-0.751792062726136,-1.9846657222602,-0.203459370656895,1.90396717621947,-1.43028863275949,-0.0765478971696953,-0.99226038178304,0.756307218859539,0.217630453611954,0.253931337415353,-0.0757071123077077,-2.21552535883192,1.06526242773606,-0.775503007617278,-0.911031401859836,-0.223768268609043,0.768369833954887,0.477521452443793,-1.02771589618176,1.37751532224779,2.15178705623536,0.189224816804228,0.772943278067861,-0.872443190023862,-0.200611549796534,0.356855911523477,0.0321134824802381,0.69,1
55311.0,-6.15960693036327,1.46871292315117,-6.85088814665684,5.17470627250374,-2.98670392387712,-1.795054145699,-6.54507152628193,2.62123613805269,-3.60587012643541,-8.12216107491307,6.02903256317613,-9.22585530778592,-1.54675863096913,-10.3093341893072,0.308062393533042,-7.78732622111619,-12.8221770045808,-4.36767713342358,2.64398422133793,-0.289829585956863,1.06131418230601,0.125737468595024,0.589592331660844,-0.568730604518481,0.582824720935876,-0.0425826450995479,0.951130233081124,0.158996023697089,0.83,1
133944.0,2.11936249385643,0.142639230905614,-2.37333727497064,0.541948582967215,0.608418830452744,-1.7755639062195,0.955774503271036,-0.599382906655882,0.0104197943366835,0.295304760720703,-0.936569156088631,-0.452477542608518,-1.34079845182138,1.07745861334885,-0.0995836407878851,-0.815072365988363,0.0184810866674582,-0.639446206584649,-0.0654267165463894,-0.323573148640534,0.264264056934778,0.898265926868227,-0.168062720597538,0.0593111738854827,0.626948963971431,0.729035483693691,-0.129119656593155,-0.0947133483017201,10.0,0
58084.0,1.23086598357396,0.0952666849650613,0.257008124756442,0.535814022390371,-0.314624211133183,-0.707756569309974,0.0618661446046988,-0.154290542262192,0.150024446434625,-0.0659445216548426,-0.745078044350825,-0.0563100753419242,-0.0854951832570675,0.315199711204678,1.12661796983224,0.475600586165083,-0.574891173737302,-0.312449066234591,0.0615496282672444,-0.0411533757820628,-0.275753690055801,-0.894106315751537,0.0515652090018186,-0.131742346626356,0.255040364902142,0.123603620164883,-0.0392098829952874,0.0186871652180627,34.99,0
34897.0,1.33193532674667,-0.397311397779284,-0.113107180870558,-0.697169658792748,-0.572561310107619,-0.703957233962826,-0.174461043980866,-0.123718501400553,-1.42987785592851,0.860997587850849,1.58139453472013,0.538850125648511,-0.143062963760351,0.624941507677711,0.176757626388507,-1.73860399336296,0.217642616935882,0.669260609608634,-0.786009102855374,-0.529655008353485,-0.320693602207103,-0.447963786873529,0.0419147735930592,0.254482342021825,0.299058120196822,1.0729469777715,-0.0767621589951942,-0.0164463524271247,8.0,0
35484.0,1.39959026890982,-0.590701288480912,0.168618940413043,-1.02995032525319,-0.539806452023856,0.0404441131922421,-0.712566691438501,0.0022985938228074,-0.971747092228226,0.756800543994845,0.543827359679997,0.112452967779253,1.07538351998193,-0.245771983192223,0.180482805456521,1.76986004009326,-0.533172248474693,-0.533300338479197,1.19224521937942,0.212877195101415,0.102397692760391,0.16826933872988,-0.166639089920173,-0.81024967952079,0.505083112107574,-0.232340010818481,0.0114086453561191,0.0046341416580672,31.0,0
154924.0,1.79571345240629,-0.0003413201198765,-1.87752894075218,1.6123807321617,0.241031193229648,-1.25234563711893,0.551404770165043,-0.287910612621772,0.445553381317532,-0.257610239398691,-0.746622163662114,-0.709372749583683,-1.76526569285959,-0.415174501558701,0.211646324611844,0.0875413115376221,0.742691979452918,0.0994726605532221,-0.493687723421805,-0.137386144891951,-0.131238596770671,-0.527848383216105,0.0779050855821848,-0.193271865210511,0.046268699145195,-0.73692335156615,-0.0150905506168792,-0.0085954999237084,113.94,0
146635.0,2.01986510995392,0.0128190220959006,-3.29625679026667,0.123737514679634,3.07808581142642,3.03701860202917,0.197002129408919,0.576983714128858,-0.306510349742479,0.383761241330235,0.0049289882632282,0.167599830769737,-0.29663777578863,1.01737454897676,0.605095981303414,-0.481817705387591,-0.523066936742453,-0.537876531998457,-0.514568832482619,-0.17000841336817,0.130598857301173,0.32916240706831,0.0089391385589328,0.701734252443241,0.502910214344634,-0.465525228099077,-0.0166334276856917,-0.0666251531396162,24.0,0
141655.0,-29.9429722707079,-25.8317821051362,-16.2275119291273,6.69067916957251,-20.7878458115363,13.0856943709389,17.2566228959585,-9.16174621113856,5.00304130464362,-2.4314663912742,1.75998939335631,1.86143271752851,3.05338368623288,-1.40963974297515,3.68027152852471,4.53127503027372,0.220011232666237,-1.60453617589942,3.14031061569242,-21.3871219290332,-2.49469918146669,-0.660297208514391,-8.53781580651041,0.40080447201294,-0.643022787031134,0.496902845831269,6.26770908866261,-2.76507000175876,3502.11,0
153653.0,-5.19249642644832,3.16472117285823,-5.04767906023322,2.24659736005894,-4.01178140454907,-0.638908044905701,-2.87346326933044,1.57631757306221,-2.86198599107206,-2.12045759469323,1.86359573670074,-3.62025176254298,-1.48071442178696,-1.58334340543936,-1.23046922211011,-1.20229796977375,-6.16763653803023,-2.65153904856573,0.0135877061935761,-1.85046996353398,1.16724379365826,-1.00661749345659,0.774561804390922,0.063396916565373,-0.390657771499997,1.8847406746985,-1.74255751463748,-0.08221593472572,247.86,1
41505.0,-16.5265065691231,8.58497179585822,-18.6498531851945,9.50559351508723,-13.7938185270957,-2.83240429939747,-16.701694296045,7.51734390370987,-8.50705863675898,-14.1101844415457,5.29923634963938,-10.8340064814734,1.67112025332681,-9.37385858364976,0.360805641631617,-9.89924654080666,-19.2362923697613,-8.39855199494575,3.10173536885404,-1.51492343527852,1.19073869481428,-1.12767000902061,-2.3585787697881,0.673461328987237,-1.4136996745882,-0.46276236139933,-2.01857524875161,-1.04280416970881,364.19,1
36721.0,1.1423490970544,0.0908025597012339,0.198755801046327,1.03174730654604,-0.580848353011232,-0.62864460032259,-0.286341068906479,0.127945231362548,0.560733563437906,-0.558711482881267,1.22284835635307,0.0926652837847008,-1.91569786963912,-1.03295745719877,-0.771643666773866,0.317390832882564,1.05079684507726,0.663677734428201,0.206672897290414,-0.172914161810319,-0.134130102328234,-0.260749540189787,-0.0626192079936267,0.443087760602075,0.435655775948462,0.386258835425567,-0.01280429736341,0.0315447127768729,12.31,0
64443.0,1.07952397806913,0.872988038728802,-0.303850487243895,2.75536885087579,0.301687623167546,-0.350283737195093,-0.0428479677130716,0.246624608381391,-0.779175595769242,-0.157696445821874,1.92856763203456,-0.935863286411531,-2.43144644518658,-1.63347202401986,0.534336652706283,1.42560550367097,1.59352878606579,1.17846784575361,-1.56869755794851,-0.252115099030468,-0.023254784527163,-0.158600833910515,-0.0388061577093773,-0.0603272546840962,0.358338898397498,0.0769835703935526,0.0189358319830432,0.0605741494833015,0.0,1
41353.0,-15.0209806030789,8.07523975163174,-16.2980905380446,5.66482005292134,-11.9181533731348,-4.24695712395156,-14.7166675516611,9.43508432139337,-6.7953981269244,-15.1241628144947,6.03766622940467,-11.6767222367813,1.32697878633103,-12.3816058947985,-0.0716392778020956,-9.48414337021449,-19.6718814509262,-7.64327282087749,1.16906441801605,-0.995786857833133,2.52511546344786,-0.832074336953531,-0.186116823393738,0.429780833741005,0.697102812320081,0.0560310740941657,-1.31088762047629,-0.707402991270252,34.12,1
152058.0,-3.57636177773708,3.29943622098785,-7.46043319687438,7.78363417666419,-0.398548657536885,-1.96844144838725,-3.11047619254795,-0.328403695377149,-1.57436284547485,-2.49756054724841,4.60417047790948,-9.0019148555682,-1.27632400546329,-13.9694706254616,1.25694535316357,-4.49162922501012,-5.96998693103967,-1.27466622002178,1.14778361222539,-0.181455201194929,0.540730752300116,0.719526342466937,0.379248749413946,-0.616961860032022,-0.44281081400968,0.359840688732324,-2.65182487459349,0.422184391599186,1.0,1
20931.0,-16.3679230107968,9.22369194937548,-23.2706305232856,11.8447765860728,-9.46203714585895,-2.45044437416398,-16.9251520440555,1.38420847895884,-6.28773594816964,-13.0027093010697,9.69146098207319,-13.8865951585248,0.838361375836116,-13.5170724083842,-0.377910607106286,-7.85568149439455,-11.8038151924676,-4.76102594206856,0.618624412799665,0.993584598744375,-2.34367359429797,1.00460241382139,1.18821215709493,-1.04718376839983,-0.0355727659827232,0.664899774367373,2.12279575423083,-1.41674061492574,1.0,1
57027.0,-2.33565492855671,2.22537994112476,-3.37945038583039,2.17853822878821,-3.56826371512658,0.316813583664713,-1.73494800330036,1.4491394338594,-1.98003348126993,-5.71150474047788,1.83721490161197,-4.5403416445233,0.747845860345767,-6.28431406964108,-0.128887216546494,-3.5632394063049,-7.36832064555377,-2.69295315786876,-0.450550113544917,0.274027122680488,0.78554012192761,0.29741198434836,0.308536146370564,-0.598415746387816,-0.121850330815637,-0.491018310202025,0.701606041424924,0.206966343288918,444.17,1
147600.0,1.99876212262834,-0.0616904099575918,-0.701042122443637,0.630891277839033,-0.621966733417113,-1.73609252838576,0.171402237301868,-0.364923964547954,0.553134036083675,0.0860257410736465,-0.0249909610180198,0.47747835781615,-0.572854909296965,0.424643865117757,0.0275190338030623,-0.342861317456135,0.0637926158992707,-1.1017548783274,-0.187000964741531,-0.283744206515096,-0.236013045627341,-0.574224043946201,0.456126626410355,0.917921891051411,-0.433800703815784,0.142191725221349,-0.0727406143826881,-0.0518878487442008,1.98,0
71033.0,-3.17081841545902,0.185734554774403,-3.39985157931162,3.76115529034876,-2.14804702797609,-1.59894442520531,-2.51956531805231,1.31621501070214,-2.40010611621824,-4.99341703829647,4.44719176626515,-5.29376010254684,-1.41957829927441,-6.42527621352443,0.914083034195792,-3.51519716625381,-6.34745330751181,-0.90351216582405,1.19160626766329,1.93225372509724,1.09205113380931,-0.0410804286307278,0.904395217733676,0.180015601586537,0.0499703397242655,-0.257099837784436,0.859281566487016,0.225924185725605,426.4,1
148479.0,-1.541678492331,3.8467996764866,-7.60411417332843,3.12145858452036,-1.25492417272895,-2.08487507838532,-2.38502692521029,1.47113982318282,-2.53050724987995,-5.17565967956169,1.92718574923744,-6.01115469172088,-1.19560144211912,-6.74556131619148,-0.0580910805508333,-4.3251322468452,-5.55806727496643,-1.58053122025709,0.971906321717639,0.114760087792356,1.09640466568909,1.0642221648192,0.0653703316207609,0.257209437635477,-0.693653969054163,-0.335701711683891,0.577051520346345,0.398348367999506,122.68,1
94362.0,-26.4577446501446,16.497471901867,-30.1773174564996,8.90415677106517,-17.8925996927224,-1.22790388102871,-31.1973285494605,-11.43892041491,-9.46257260540015,-22.1870885620007,4.41999660154863,-10.5923050053728,-0.703795803703315,-3.92620731586873,-2.40024649210124,-6.80988994039049,-12.4623149481086,-5.50105078380738,-0.567939572890149,2.81224110932946,-8.75569832116533,3.46089334478551,0.896537503959012,0.254835536763482,-0.738096558530353,-0.966564233789852,-7.26348214633855,-1.32488430656137,1.0,1
158143.0,-0.859208409217085,1.85040806482789,-1.3924490120096,-1.41678987585159,1.29056919676573,-1.4338082402189,1.73025342608853,-0.468233040837365,0.287972961174111,0.733837493997741,-1.30317332799936,0.103792129670636,0.612906710133922,0.245689912502047,-0.156256056035131,-0.587315829835348,-0.730114140295641,-0.318632716159664,-0.0003801371240948,0.50212698974955,0.0889729118681683,0.778420539097477,-0.285968885133806,-0.595770539578495,0.0186155791176673,0.14507136948395,0.819699518432137,0.510105713594911,1.0,0
39729.0,-0.964567282813312,-1.64354066791439,-0.187726849232163,1.15825311047012,-2.45833564593802,0.852221660377025,2.78516254594393,-0.30360853861401,0.94000553101046,-1.96530880945923,0.159743522312315,-0.490697387341298,-1.1819769933833,-1.95887596969497,1.15274328622613,-1.34126935794233,2.49832484974359,0.777831088916474,1.4060448737262,1.78444933498197,0.447180121733859,0.536203895046365,1.63406050110051,0.203838849073356,0.218748854725954,-0.221885828382479,-0.308554718022245,-0.164500017914328,776.83,1
171766.0,-3.15102041084826,3.50179215480267,-3.02765788095162,-1.31977014730219,-0.570468530063336,-2.08557769230276,0.223990501801414,1.29673078085683,0.480107502152845,1.09603484093762,-1.40624440063312,0.471207641575935,-0.226160996609274,1.46035166929187,-0.191830913583134,-0.319540100815492,0.192777225429434,-0.316821379809802,-0.373296644302546,0.496461672808419,0.168964977899146,0.679789111352528,0.0522276493528843,-0.0105463071770301,0.200076730871007,0.13638022712021,0.733710756844519,0.50683669135698,7.32,0
31944.0,-2.29092989473892,-2.57857187911414,-0.306902381524068,0.618809726036479,-3.81479093819174,2.48219202178827,3.29341536882563,0.441751696627954,-0.123380362475941,-1.71158671440251,-1.5691102051249,-0.928100043698884,-0.19016662283474,0.233115024772976,1.77563442367527,1.18051544778918,-0.682414357686413,1.06596805343109,-0.809240497675178,2.32772619055814,1.00226618740424,0.741520517774034,2.6507661783029,-1.06111703552329,-0.0525874576796584,0.423282228686136,-0.444714873142391,0.0605369307560807,1170.0,0
62330.0,1.14086473658976,1.22131743135767,-1.45295546048243,2.06757505760281,0.854742052227546,-0.981222507744598,0.325713913670098,-0.0377214068783676,0.113219371615132,-2.12697274994354,0.915947028928619,-0.468571538051367,-0.523377293666349,-4.86186658087283,0.421013353871263,0.866440624739209,4.08248488419359,1.1963181517001,-1.10076358353881,-0.0677120411898438,-0.377597095255037,-0.79345965987036,-0.132333171548173,-0.33158626897425,0.664877856718148,-0.309312434134138,0.099941947375597,0.122988311929089,1.0,1
39394.0,-2.15194077580708,-2.37881613891101,1.90495680078977,-2.28725441084633,-0.330618061812507,-0.971105823955703,-0.0675329942969337,0.251995371558886,2.39183867767819,-2.68120301891966,-0.595415626257862,0.892895707602377,-0.722105786878619,-0.478066688809585,0.0076631486800519,-1.57813475373745,0.579596726900423,-0.0704249996247749,0.180005028655727,0.766973564941445,0.53513834256001,1.07496869645939,0.527075561266023,0.437871779481721,0.617101504824635,-0.671833273286535,0.0394271049718904,0.152309384231493,281.94,0
159236.0,0.137261782427083,0.900180819260848,-0.634572605141531,-0.77459179095944,1.13451576345789,-0.215614072498704,0.818383356769777,0.120042455310281,-0.135760315575174,-0.642446233516125,0.369487499661737,-0.0895275998074024,-0.885166012071059,-0.673286455003688,-0.800987300245385,0.729432832895189,-0.0304169393183506,0.568534381636112,0.269913766981169,-0.0020229972332249,-0.333809365751444,-0.896019643978676,0.0362515606728145,-0.0376639034579705,-0.407717224872034,0.131213165115417,0.21058125855635,0.0669800410039977,7.53,0
139117.0,-3.97593925787714,-1.24493887246577,-3.70741371980754,4.54477220840185,4.05067557270479,-3.40767861716595,-5.06311826997904,1.00704199678733,-3.19015819504631,-4.25071651144568,4.18216236800046,-4.56367473788251,1.18250275143465,-6.96497247579046,1.11533951405808,-4.99733165466689,-6.41953891153561,-1.18359273970866,3.56973257751778,2.1094026874149,1.05973707375805,-0.037394796398813,0.348707142883828,-0.162929482857413,0.410530958112178,-0.123612265343157,0.877423851434985,0.667568429836307,8.3,1
150447.0,-3.06037675904499,-2.53551031826015,0.260336955643583,0.188099536707828,0.425467453475826,-0.184569437220982,-0.0686793401680927,0.820938219607965,0.0894374838729456,-0.909674754798612,0.0171806668870792,0.0465925355295996,-0.892815838628887,0.782562894525074,0.50792334604822,0.635453792785396,-0.699347834923867,1.55404254094175,0.355443313975542,1.4406324521992,0.70096001668715,0.51842868548528,0.586941486489377,0.311923325206323,0.171051549523109,-0.194282050233768,0.17229266424879,-0.200425822367881,377.6,0
49848.0,1.1045742913735,-0.540129805504735,1.12789709910725,0.0190387279943565,-1.08371172120252,0.308093538033765,-0.917052209976205,0.377067270281158,0.969331370033276,-0.2424969952554,1.11283817302201,0.731944625393523,-0.971918596811144,-0.0343810039959021,-0.0485601709230097,0.111454142098519,0.0068963351865644,-0.226343339674332,0.165711135080708,-0.117943370612785,-0.0415998893508193,-0.003196998185547,0.0765066214276988,0.0688501286782317,-0.0274177480098639,1.00457107729711,-0.0300091052238254,0.0030227942452607,21.95,0
54846.0,-2.98646550822273,-0.0008912294816884,0.605886830263541,0.338337780759695,0.685448451171472,-1.58195443740193,0.504206377175919,-0.233402618007887,0.636767742518801,1.01029102209398,0.0045179679664243,0.0443966388940644,0.420853062352676,-0.931614224984722,1.14797368277192,0.48306309357216,-0.152470829644753,-0.285666258848129,0.0725498490088206,-0.764274258309323,-0.875146363670133,-0.509848660993286,1.31391790371009,0.355064731381086,0.448551563224067,0.193489780350156,1.21458768687535,-0.0139228973515758,1.79,1
149357.0,1.91197896854855,-0.533074382543818,-1.87874385582986,-0.478890631571852,1.77501992739529,3.80786595839706,-1.34929764965774,1.11663712897114,1.32986537703763,-0.666750181746761,0.255345609637706,0.286834765924975,-0.0210130866127598,-1.27779547482382,1.4024212378265,0.712418857506776,0.209889764846993,0.623312341147208,-0.602310663648049,-0.0712100114096034,-0.0155670774794992,0.0103441409456199,0.287962886684688,0.582446157618299,-0.35826395348197,-0.415078547423559,0.0872485489780959,-0.0033216652219874,21.61,0
149281.0,1.48322467011418,-0.292788394485465,-0.574647719742422,4.05694380194972,0.202241358749653,0.8789542318657,0.156195031341023,0.139909849670434,-0.545856069292693,1.27495650899414,-0.319539250079173,0.900680600715283,-0.0341073682293075,-0.155289466504379,-3.22579907541804,0.36610743905568,-0.480557130071102,-0.574418945284811,-0.525379029160605,0.0875097010843565,-0.21813580677149,-0.798991626305371,0.0785918438260427,-0.501435054786351,-0.188397201083713,-0.271061943654659,-0.0449893258529407,-0.0249794617312215,197.16,0
154278.0,-1.60021129907252,-3.48813018118561,-6.45930280667571,3.24681566349703,-1.61460769860713,-1.26037454854632,0.288223321921388,-0.0489639910109505,-0.734974617920653,-4.44148408070017,2.94437484242405,-3.80546898374331,-2.10222683492697,-6.1061832734711,-0.641736399701777,-1.55596289626148,-2.08406707082134,0.394247352869229,0.0833797227600835,3.18935489592753,1.19117480721903,-0.96714144500067,-1.46342052446637,-0.624230851495284,-0.176461532068143,0.400348351070197,0.152946864261687,0.477774924576796,1504.93,1
56887.0,-0.0754834663888726,1.81235458422751,-2.56698081016962,4.12754860722303,-1.62853157024518,-0.805895445766318,-3.39013454458215,1.01935326231828,-2.45125125188341,-3.55583492739064,4.31571103012142,-5.47980167679906,-2.11550315600957,-5.5887855765974,0.280108069299552,-3.50723062361012,-7.45709493793125,-2.32549168188332,-0.440434552920779,0.338598140549314,0.794372451897782,0.270471232297866,-0.143624140755259,0.0135659145316466,0.634203128800614,0.213693187250942,0.773625466697089,0.387434054572014,5.0,1
136177.0,-0.648080608336634,0.320010667240962,0.112924369536597,-1.53507623836095,-0.191903906352228,-1.20824999691779,0.453343071002776,0.180405209325317,0.389544586499444,-1.24717759433403,-0.799046139693644,0.665320775880669,0.386255012917709,0.251691623507888,0.115986606087476,-0.0280397352121608,-0.17217900407411,-0.892636106140728,0.413833336258297,-0.311779847884293,-0.400652924922427,-1.15091713204847,0.691948829791198,-0.0403084396625185,-0.825938184083519,0.0115304718895435,-0.17629177528485,-0.0715264291172468,45.85,0
162535.0,2.06949488400574,-0.827921937205918,-0.876611716922254,-0.53816230285239,-0.618550118357042,-0.224438517857631,-0.663651112503256,-0.0450409812392341,-0.574862685070056,0.994201658512372,0.743811955500297,0.96199369332465,0.76101092585795,0.0299930688435067,-0.59930430808871,-1.21709865602647,-0.409587095335685,1.33598678712734,-0.519567117969034,-0.492020538060126,-0.348308427589593,-0.478981037195442,0.324104869644417,0.77007653278151,-0.392998440204486,0.456581678604136,-0.0450227274332277,-0.050296140389464,29.95,0
116067.0,0.949240654782111,1.33351901279168,-4.85540201400676,1.83500588341825,-1.05324529225553,-2.56282606985029,-2.2869856262026,0.260906489976679,-0.895365545923127,-4.54261203828437,2.45371037821171,-4.92519869522976,-1.20041197086128,-6.42437211273331,1.01489749133407,-3.12942132163446,-5.14703878335167,-1.81543652928925,0.520496923051347,0.424608328846183,0.306598169644708,-0.854626651528392,0.101176995923819,-0.281497410249515,0.0244439388949186,-0.107944111820021,0.625288550407281,0.315677390712111,65.0,1
147501.0,-1.61187733763361,-0.408409922870926,-3.8297616763406,6.24946176104187,-3.3609216090486,1.14796358238383,1.8584248531717,0.474858318489524,-3.8383988155266,-1.44537495699985,2.11390001406861,-3.25970246526323,-0.315347339360454,-1.80810297319338,-0.741877295217489,-2.98692008764678,-4.81586301103402,-1.27165458831756,1.70168502365985,2.42567742975765,1.24558218578459,0.616382702131439,2.2514388799998,-0.0660963924813517,0.538710327489417,0.541325493308062,-0.136243382191672,-0.0098522563228139,996.27,1
139631.0,-0.688943614532913,1.29215346473166,-0.56428140547196,-1.45752562554246,2.25833305000776,-0.323270488174229,1.67898445200129,-0.104127880697459,-1.28535074844537,-1.30343470252802,0.282728215739186,-0.402525063260563,-0.548687476302295,-0.504283285953471,-0.685339267620123,0.714828082722564,-0.0926736361784993,0.798952997425288,-0.15008532976064,-0.0371504004460351,-0.0068795271139139,-0.171567514524424,-0.720019495405001,-0.419435298208321,1.21199067419449,0.670915582443936,-0.10398632648441,0.0300841988161163,8.95,0
168473.0,2.01416027604975,-0.137394019617118,-1.015838997077,0.32726895879776,-0.182179328919901,-0.95657056029283,0.043240842712408,-0.160745982848717,0.363241203306138,0.259451902075089,0.942161998783695,0.850037649875283,-0.616165538628619,0.592633856245474,-0.603845391436171,0.0910772462056342,-0.471866655979753,-0.333816385191609,0.404711330070271,-0.255292969598592,-0.23864384423509,-0.616400475330658,0.347044569276681,0.0615611685302417,-0.360195621686188,0.174730014506492,-0.0780434545993313,-0.0705705093379492,0.89,0
11629.0,-3.89119195123086,7.09891625215749,-11.4264670967961,8.60755678650129,-2.06570621026229,-2.98528802203595,-8.13858941693861,2.97392807853452,-6.27279046836547,-13.1934150665232,11.6197234753825,-17.6316063138707,-0.355194389515515,-18.8220867423816,-1.2831290856146,-10.0310966568698,-15.2270075099256,-5.32200898058982,-0.501750653452579,1.38261899967275,1.75708522742867,-0.18970915318715,-0.508629244173448,-1.18930816877394,1.18853649934791,0.605241885913626,1.8815287524148,0.875260407222375,1.0,1
90538.0,-4.13823901806614,-4.26061055225856,0.68217434866714,0.775937475228443,3.13403451363964,-1.12793227697644,-0.461103208849457,-0.276470484372274,2.27118770856051,-0.190872306845419,0.942258269856822,-2.18610588581289,1.78840643902414,1.04173983715508,-0.411161041834476,0.611288937117707,-0.598868524644282,1.06177571211199,1.22432684996418,-1.95338411267989,-0.962496847781719,0.227892637147059,3.54994916305676,-1.20808644461318,-0.069636096668879,-0.48579616476392,0.883419987502309,-0.686206822407591,10.0,0
160034.0,-2.3493399641893,1.51260401518904,-2.64749719609623,1.75379247237301,0.406327950335496,-2.18849400496996,-0.686934747748875,-0.547984409288573,-0.0995281132954432,-1.67234597814111,2.17297610055437,-3.10347667138871,0.217560544573622,-6.03440257566619,0.164400705894815,-2.38382603356602,-4.16647877527802,-1.77239694698232,-0.526280794204029,-0.0934214753719124,-0.0885194213942628,-0.595178282040403,0.258148130014773,0.0619011334336728,-0.35418019381022,-1.15267106612603,-0.736072755373029,0.733702732493917,4.9,1
13323.0,-5.45436177939673,8.28742055534983,-12.7528112729386,8.59434189301081,-3.10600228114338,-3.17994875686414,-9.25279393795831,4.24506220985367,-6.32980084623466,-13.1366983691039,11.228470279576,-17.1313009454468,-0.169401056814124,-18.0499976898594,-1.36623566099065,-9.7235653091894,-14.7449024646768,-5.24730110631125,-0.574675143795817,1.30586191483437,1.84616479291417,-0.267171794223081,-0.310803969751621,-1.20168545799806,1.35217609502433,0.608424596360403,1.57471478384204,0.808725205090233,1.0,1
75033.0,-0.430330205681344,0.985632693552081,0.645789437298841,0.317131047127407,0.616332206255463,-1.34746245720975,1.0782335690849,-0.161518267508932,-0.492855874580938,-1.03963769713185,-0.39560772252726,-0.664683930228673,-0.985700496668287,-0.660967626671015,0.344105202877093,0.530852433867815,0.278141865207384,0.355529916892446,-1.08122326117298,-0.115281935429531,-0.0163780179250957,-0.207609058231514,-0.164119225784612,0.255280162145255,0.454797817761532,-0.505032215885219,-0.0394559687978208,-0.006357582233934,30.14,1
144267.0,1.78689611103575,-1.05320362894306,0.169413868893833,0.716106483606973,-0.991835408365588,0.798243992307792,-1.18135025551002,0.232048296833091,2.03723903556643,-0.241771672912241,-2.20390834914824,0.763546426191172,1.21925563865995,-1.18293858023734,-0.510078186892513,0.511919114095199,-0.709214024162863,0.392406339655374,0.190881629544124,0.086118536207392,0.143343191197677,0.654279776151611,-0.0334525804087005,-0.913443903390888,-0.269994492546304,0.444474794810364,0.0344640151154491,-0.0219997016415257,109.0,0
123587.0,2.0253871529106,-0.203560260948441,-1.20645458083376,0.241187064844665,-0.0220714552410823,-0.725579865218117,0.0220754975564245,-0.116211099455046,0.444972835848713,0.266391169791011,0.511671464128374,0.522705936084459,-0.902253763297724,0.64157723479759,-0.533014856192493,0.229557291497974,-0.601097836124504,-0.153098076315543,0.559825127986904,-0.246450140889627,-0.264411192071472,-0.726711341371727,0.292314340946394,-0.361279970711637,-0.320625106691303,0.200565619438297,-0.0826574316760315,-0.0739456832367261,9.99,0
81055.0,-1.59300238745994,0.756802901395956,1.27400242542022,0.244126704484917,0.335044886715454,0.272886373175984,0.38954182867065,0.676943851323046,-0.579538573326383,-0.819436286526441,0.362192736286639,0.43674488296585,-1.14896929378281,0.573126491460206,-1.21521778261522,-0.130036221890487,-0.0869516953533171,-0.116533190797784,-0.373488784929696,-0.293183926522593,0.0316812608187113,-0.0633551487344907,-0.268928152618378,-0.321185986815632,0.681499859942171,-0.390287080087975,-0.195157923715225,-0.0394834873645552,43.5,0
38671.0,0.93576807227945,-0.863878518953777,0.965979204766134,0.373064828711678,-1.40666479241605,-0.353061051602196,-0.514793756382658,0.0603565934811868,1.30354406615585,-0.496070316548885,-0.920774703384652,0.178561687155645,-0.758503493528836,-0.372277952923945,-0.201757442952057,-0.0660752611071561,0.192405041588708,-0.51723619134314,0.425120610579523,0.163761302467283,-0.156311250553825,-0.549863752988345,-0.03584438731786,0.458916467549241,0.0583760905728061,0.929477716204519,-0.0655912026961868,0.0375895380600919,150.92,0
35181.0,1.2146916071624,0.245851485985855,0.309292107470687,0.584284767909373,-0.386359156518251,-0.767107138375794,-0.0743016523446458,-0.0087163750721771,-0.10002138692838,-0.0887769475071008,1.48723017114347,0.477046390563238,-0.696406652225168,0.0754849555250199,0.485515490246659,0.714924095453529,-0.209142432863402,0.29969123320242,0.098074924506844,-0.125100994820345,-0.246259701525594,-0.786103078830516,0.127424051910865,0.266208428786048,0.158321941053475,0.0800237593599685,-0.0322032578329868,0.0186620895532826,0.89,0
52913.0,0.676854829386595,1.58702920998622,-1.50814698254807,1.44381484435084,1.31678997910859,-1.16034214105187,1.1490491098159,-0.419393132824534,-0.0905654487115674,-0.323058484892761,2.96792089797322,-0.155026280352087,-0.717766109130301,-3.70927517991521,0.731050307180359,0.51012502005825,2.73026213011681,1.46374586218951,-0.578405585881194,0.317927043925405,-0.191418401886823,0.101450781492372,0.058298396578059,-0.135311156556857,-0.604406167389513,-0.452763215770207,0.0464301769729269,-0.383641517870506,0.89,0
169351.0,-0.676142670593205,1.1263660623459,-2.21369952308058,0.46830838758824,-1.12054104443306,-0.0033462959955453,-2.23473929608742,1.21015796383769,-0.65224992035649,-3.46389087904573,1.79496896856641,-2.77502154036273,-0.418950143733104,-4.05716237716209,-0.712615968607599,-1.60301474745597,-5.03532591722409,-0.50699988370237,0.266272320267649,0.247967752628092,0.751825538154533,0.834107690036367,0.190943872773442,0.0320700856093905,-0.739694822652264,0.47111096261267,0.385107448705084,0.19436147923645,77.89,1
70828.0,0.196706751987779,1.18975728641634,0.704882217511495,2.89138777331251,0.0455553693851548,1.24573045976205,-1.19871420021049,-2.42161641083942,-1.23208864617238,0.324238886093679,-1.27393508028395,-0.868686295319925,-1.18194465496857,1.0275841718551,1.68813234484864,0.256215978185418,0.120608339589106,-0.0523460171330233,0.329826631850516,0.646616407050903,-1.32813178943378,0.189310618105111,-0.005524183595721,-0.814707739467747,0.400924279960331,0.286281378755055,0.135214945600326,0.257314769060283,0.76,1
73303.0,1.24877783111077,0.252385305567271,0.365187242287853,1.11296988197594,0.0061555173089771,-0.0520492355841169,0.0500372988220918,-0.112163512244003,0.331026196609515,-0.207322462257923,-1.22994049140901,0.969704484417038,1.45282066057671,-0.376036369773855,-0.262060913644133,-0.110122564035529,-0.449888988884571,-0.440869405500073,0.354901950862902,-0.0315131121090701,-0.292519202266336,-0.596905391008782,-0.0958089551808284,-0.436712487135245,0.678222079598196,-0.478805034319874,0.0458659939517181,0.022200577703275,10.83,0
127361.0,1.3197244062002,-0.967487997932608,-2.00948777753118,1.6931184336561,0.0299576217290747,-1.02703403013677,1.1049105247349,-0.492926603383042,0.217150240470989,0.098614823547893,-1.03298280562518,0.133695724982635,-0.584582928326872,0.693846703386874,-0.430097166680484,-0.672910717701891,-0.0936444643900226,-0.537996112498625,-0.338210403617266,0.420415004068212,0.267766868774176,0.1490113723901,-0.320500906463336,0.0005666457739007,0.31028793616911,-0.527298453717347,-0.086494395853607,0.0010179865416883,375.42,0
154309.0,-0.0829834650336291,-3.93591892431521,-2.6167089860612,0.163310074791927,-1.40095182767067,-0.809419404822953,1.50157983974791,-0.47099958719182,1.51974319879361,-1.13445381068391,0.71387764641859,0.979674835308759,-1.33903126624009,0.984993219111346,-0.382470968292812,-0.934615796103053,-0.0524194348357059,0.51116178431397,0.731998749113651,1.87861160253024,0.70267203994139,-0.182304775613767,-0.921016986180311,0.111635488151138,-0.0716222119619373,-1.12588109590433,-0.170947427341269,0.126221382847378,1096.99,1
41870.0,-20.9069081014654,9.84315322329519,-19.947726046163,6.15578864849515,-15.142013159868,-2.239565648142,-21.2344631540976,1.15179506554623,-8.73967037069304,-18.2711681738888,4.67734929657245,-9.58356643737056,1.03516582361622,-8.19969002891841,-0.32651888245129,-8.37643882097816,-18.4854603221489,-7.58997395860914,1.1266403652792,0.396654845079575,-1.97719619445615,0.652931885295435,-0.519776859411322,0.541701730134149,-0.0538607606750096,0.112670774311131,-3.76537100922261,-1.07123831223447,1.0,1
20011.0,-14.7246270119253,7.87515679273047,-21.8723173644566,11.9061699078901,-8.34873369160876,-2.26284641969245,-15.8334427819606,0.0778736741759969,-6.35683349086288,-13.2616517082667,10.0637897462894,-14.3947668016721,0.654888723464231,-14.2483158270781,-0.305360761401071,-8.16163244506225,-12.2809648581754,-4.81858639342974,0.719787682108791,0.996468755724792,-2.36234492751884,1.09955729576975,1.03719942301307,-1.03635934178889,-0.254776514154375,0.642343201018144,2.16112922373151,-1.40128201963858,1.0,1
27219.0,-25.2663550194138,14.3232538097233,-26.8236729135114,6.34924780743689,-18.664250613469,-4.64740304866878,-17.9712120192706,16.6331030618556,-3.76835097141465,-8.303239351259,4.78325736701241,-6.6992520739678,0.846767864669643,-6.57627643636006,-0.0623303798952992,-5.96165987257541,-12.2184817176797,-4.79184198325342,0.894853521838799,1.65828884445902,1.78070097046593,-1.86131814726914,-1.18816729293127,0.156667050663465,1.76819198236914,-0.219916008250323,1.41185477685432,0.414656383638367,99.99,1
147172.0,1.64967110480696,-0.686082382913486,-1.11010900322186,1.52180928412618,-0.483258942892294,-0.831240238884838,0.151838090212238,-0.154825438737815,0.903520057991573,0.218444161149063,-1.40702284542877,-0.923794759440978,-2.29623340115122,0.737201870293646,0.383026775003836,0.0669168873074171,-0.376711788044934,0.174147648475431,-0.449246027461107,-0.0505916874892183,0.153021836723423,0.104879979396557,-0.0292710222139352,-0.0931716883042557,-0.0114976912757659,-0.604007347171788,-0.026737271502419,-0.0177928760790952,186.9,0
27252.0,-25.9424344479142,14.6019980426299,-27.3686502881266,6.37839460769688,-19.1040334039646,-4.68480620428185,-18.2613929340355,17.0525663121462,-3.74260500983864,-8.233721369876,4.6648362538527,-6.52566786025865,0.92375858946558,-6.32597461208273,-0.0702237027595964,-5.83836021908828,-12.0616957125199,-4.77334851403019,0.852969608454831,1.66730429040185,1.78431598423494,-1.91775921336107,-1.23578743924962,0.161104731783341,1.82037804128869,-0.2193590586868,1.38878576213598,0.406809649908512,99.99,1
145406.0,2.00671780431471,-0.521687011138459,-1.9630189437315,0.441350120818381,0.414444165655131,-0.145498967406622,0.206108502137708,-0.236287527775044,-1.17531227835955,1.18867085246104,0.114411587223908,0.776331321300356,0.562605393770574,0.446651508433283,-1.38751486896317,-1.84458122698839,-0.391499114012726,1.40332850717709,-0.469178469732517,-0.464129725728805,-0.251554846284221,-0.247803575675949,-0.0289131000413511,0.25840919911698,0.401397016781927,-0.52628402269511,-0.0117599813904016,-0.0505671448331095,82.0,0
18489.0,-1.54440864377638,0.192998119055365,0.671990308837779,-0.625734129400761,1.95360595763455,0.231276463011413,-0.0179187826015197,0.125894052974407,1.19820985007657,-0.72231090315345,0.789475167159924,-3.03500228552701,0.568385999272622,1.28770931534409,-0.461988980973155,1.1322216494998,-0.133575724265785,0.776281395541221,-0.426961078179959,-0.581439448776371,-0.444281218779702,-1.0507581677914,-0.410622242749855,-1.82698963637671,-0.344208463747766,-0.0564077762647356,-0.249605216888228,0.19100524327281,21.99,0
140308.0,-4.86174665742506,-2.72266032465254,-4.6562480902453,2.50200470213773,-2.00834642496284,0.615421803000716,-3.4856795852374,1.87885554354264,-1.11626798693717,-5.11297108805175,2.9456208658257,-4.10212741074135,-0.477202973371762,-4.35043446756499,0.0007163434773255,-5.03744940979325,-8.07801049835537,-3.45798118698593,0.596696430089622,0.285558785827713,1.1388759328635,1.03366434019377,-0.806198897465357,-1.51104641883913,-0.191731402147673,0.0809988303848193,1.21515161370172,-0.923141608648516,592.9,1
41791.0,-7.22273130585545,6.15577293013926,-10.8264598371575,4.1807791786876,-6.12355510135628,-3.11413648152623,-6.89511228298774,5.16151637665229,-2.51647653288733,-6.40337055173194,3.18605794805635,-6.85557098142662,-0.837722614772195,-8.03661487513855,0.956969643768367,-4.55719345408278,-7.65470424350142,-2.58841864362628,0.718555009324824,0.818859416826789,0.91270032192132,-0.630358133073199,0.190886662173033,-0.0612634320139128,0.379774656663009,-0.266845465234688,1.19369457713473,0.257468457389868,99.99,1
102114.0,-28.2550528932108,21.4672029942752,-26.8713387797136,11.7374361361796,-17.9996302850189,6.0659013519233,-41.5067960832574,-38.9872627434095,-13.4340663182301,-24.4031849699728,3.40932261990014,-9.60826735632918,-3.07631796817408,0.240060357919937,-2.83667693195872,-6.594756991638,-12.9575309948449,-5.61352195004329,-0.248828402209821,10.4407179813405,-21.4537362781468,8.36198519168435,4.90911112135878,0.0983279449493119,-1.50873912052995,0.0087112904784173,-5.4078236392388,-0.183811044930697,0.0,1
90602.0,1.9733870191903,-0.190079672489677,-0.396554382500281,0.544173919163006,-0.246831423999627,-0.13094494613943,-0.493804000132302,-0.006898384703662,2.33427826415703,-0.428980608888962,1.47003596307679,-1.24434213655588,1.55846491586892,1.55884828447191,-1.41809182683541,0.0225023925107542,0.149530767718826,0.165031190327429,0.394973954228788,-0.287567973036934,-0.512841579557083,-1.03828722627646,0.402857034823274,-0.51640630066759,-0.44200792069771,-0.78276861752763,0.0001117652925685,-0.0561073709555309,1.0,0
58067.0,-0.264868683737295,3.38613996883911,-3.4549969895002,4.36762905773351,3.33606042827178,-2.05391842272465,0.256890458421417,-2.95723544083265,-2.8557972336327,-2.8084555425423,1.84750351109611,-2.4148223375383,-2.57322454244165,-6.5991261303635,0.123470382678038,2.57237180761341,6.60936580903842,2.53066979960508,-3.60265725092653,0.482513022122587,-1.39450379366468,-0.166029306744804,-1.45208118338289,-0.251814670710545,1.24346054282121,0.45278677690471,0.13221807596169,0.42459946550375,1.0,1
52840.0,-1.92939254893336,-0.693166471810401,1.19764662762942,-2.36524816903693,-1.38339897863475,2.46966320408548e-05,-1.37880875573118,1.07745155253898,-2.68164080073368,0.443853907378087,0.526856882257118,-0.515917204157038,0.0433827959294477,0.296375419110178,-0.0818186806671911,0.284633772323403,0.448753337502436,0.707079773202708,-0.823091224600236,-0.504638081384574,0.153496924180959,0.310708555288065,-0.362525605657177,-0.311417626934225,0.264242364141564,-0.158628393156801,-0.212405409494448,-0.244264604738626,69.0,0
64785.0,-8.7444146436792,-3.4204679837707,-4.85057473189452,6.60684578567387,-2.80054617200457,0.105511583647205,-3.26980129883546,0.940377922978903,-2.55869060182863,-3.62477471396623,5.26786160380362,-5.58369692598496,0.173895592410693,-6.67997675520914,2.08419914311417,-4.3488914455328,-8.76078602293495,-3.40754854415232,1.33293006548133,-1.81831542477292,0.102912553839685,0.311626102287519,-4.12919549979785,0.0346387321763146,-1.13363123097119,0.272265246225774,1.84130726881613,-1.79636258672205,720.38,1
150609.0,2.02288302816273,0.124747513795652,-1.85481346601697,0.323382801909637,0.430630591905292,-0.886912221059428,0.15363792212691,-0.197451005732644,0.361514515146842,-0.312473876156614,1.03757597450983,0.623769380972745,-0.0536039833281403,-0.54262908340503,0.27808801196616,0.45890762633617,0.0592065886074626,1.04132237168038,-0.0661078131024701,-0.179571351050841,0.229913642975352,0.798528195910476,-0.0799540574647453,-0.530406375330141,0.258222826032744,-0.0915348152084062,-0.0047822601518859,-0.0450040419974257,8.99,0
76857.0,1.14020795371139,1.15643107873873,-1.47157796740819,2.07627840454674,0.774809058745551,-1.00253195191231,0.264947929409663,0.0131622605764724,0.248835339320523,-2.10066651278309,0.763204840843787,-0.94491647902938,-1.41903447142202,-4.68361969585018,0.51928230124953,0.908454083367609,4.13366666889167,1.30620452511785,-1.09471647432252,-0.125097258302807,-0.387894980568907,-0.866811936205838,-0.121582639900783,-0.356108586349469,0.634572810783188,-0.306311023397994,0.0940868179231164,0.121064728484123,1.0,1
68038.0,-0.501369599667564,0.105224908288023,0.150034595141296,0.296507945014575,3.12213548049397,3.61387191549547,0.0196732809961693,0.745398488783812,-0.376257032954673,0.0355546313986779,-0.547768713224205,-0.19349177335674,-0.227795177882335,-0.0155467444044289,0.210576744517211,-0.685365145009104,-0.232870193976306,0.217762784198748,1.50060189804743,0.377692489190621,-0.078047915265496,-0.157332563439131,-0.159670378529793,1.01477474719119,0.14593267271933,-0.2714304449216,-0.0225851660895505,-0.0810475864769761,21.01,0
159763.0,2.02395173834979,-0.120139755781178,-1.08691833497069,0.423019142114962,-0.142901392115805,-1.12775195119752,0.178493434677897,-0.303233536467473,0.564509208597162,0.0628307222528285,-0.720047120616004,0.366835116414232,-0.110856961162083,0.319093740433692,0.108359159168302,-0.153633323543943,-0.221312359798561,-0.934141418577591,0.0705527340096393,-0.210864484357965,-0.276174939398341,-0.697708394706193,0.335631347778404,-0.0171963655756412,-0.324903691357964,0.200023172833571,-0.0715660018644001,-0.0582238788399018,16.99,0
93853.0,-5.83919161928092,7.1515323543223,-12.8167600806187,7.03111476501099,-9.6512721679897,-2.93842725771624,-11.5432071690832,4.84362653179436,-3.49427572506535,-13.3207888671784,8.46024444901677,-17.003289445516,0.101556614891384,-14.094451660329,0.747030766392512,-12.6616957230679,-18.9124938172188,-6.62697484523061,4.00892074227194,0.0556838813863639,2.46205591127559,1.05486518382957,0.530480596078193,0.472669814042592,-0.275997967880675,0.282435024801752,0.104886020210564,0.254417096767513,316.06,1
34118.0,1.45344690986636,-0.97468957121653,-0.134962019176378,-1.41854745919332,-1.05775483169266,-0.948851052313166,-0.461141253176149,-0.350839664556262,-2.14914858245184,1.40409969537026,-0.758518716020549,-0.795067669762298,0.83450139699351,-0.169291353644051,0.3688247690272,-0.43371159836019,0.424573887447643,-0.43983818169074,0.200289035729991,-0.175953480714999,-0.556625136766641,-1.39836325127975,0.0895705636069843,-0.177538067340577,0.290734834220234,-0.504810662635696,-0.0007386244578538,0.0257081688744315,76.0,0
40742.0,-2.37753280180283,0.520539361927579,-8.09413945532841,8.00535147326105,2.64075021376276,-3.38158645291742,-1.93437244067366,0.562322111872781,-3.10402718606356,-3.05121035544102,5.73576265915634,-4.74769250131792,-0.784223284478966,-10.7163393018774,0.656516978131348,-1.14246727231018,0.91859080878698,1.12633522330277,0.0929734778841175,-0.634747080915274,0.148284201590387,0.7210995412337,2.66129069804724,-0.508619933518595,-0.401656629278738,0.587611216267645,0.500326371108344,0.551759687906722,1.0,1
55618.0,-7.4279242314783,2.94820920837905,-8.67855038407896,5.18530347959595,-4.76108997261691,-0.95709501604379,-7.77337978477431,0.717309273781191,-3.68235923846278,-8.40315026242229,5.70520550718269,-8.6407464115182,-1.60292501896209,-9.46613912320431,0.137324186945341,-7.30324272860725,-12.4480392359586,-4.33283424125087,2.35202964025176,-0.123085015912889,-0.299847070706951,0.610478813685703,0.789022761446755,-0.564511939509452,0.201195825477742,-0.111225430586455,1.14459850910478,0.102279545438297,130.44,1
162837.0,-2.53717200470285,1.69582823461913,1.20491387835534,4.45681873786872,-0.829263780217764,1.47388505129269,-1.18238035722427,1.46768736675988,-1.75016635033685,1.04558242122379,-1.81892445657684,-0.442261233675536,0.609998510914411,0.493008923905482,1.24705822272164,0.872000545145109,0.302669862048927,0.753801698201972,1.20333758558724,-0.283366617650985,0.159692377603942,0.0259400234034391,-0.0482883687239558,0.465337542734086,-0.0158172957663534,0.308850415641848,-0.863546045570082,-0.081702209941894,26.47,0
40918.0,-3.14025953779538,3.36734230912012,-2.77893140701488,3.85970067435928,-1.15951836286203,-0.721552487906327,-4.19534154281433,-0.59834584749232,-2.87014477203106,-5.29061006200618,3.82376208408163,-7.49227616878309,-1.52436747989794,-8.52767862203589,-0.391214524543396,-6.18087991000233,-9.6988394108884,-4.81823334077503,-0.871581688476025,0.0777814455070256,2.45233850455703,-0.292962575086153,-0.189330326319261,-0.166482104307702,0.0380396237066075,-0.0154765350217125,0.776691265853111,0.397557490298277,0.76,1
153290.0,-3.60820524793331,-1.47114390679952,0.327140290717784,0.149963659734698,3.66691529294331,-2.70136032664306,-1.34050816053608,-0.522986369541048,1.11592902854383,0.769869699236245,0.132040772361737,0.610286431070011,1.03314257933171,-1.93705368203832,0.323443940521852,0.26168876135461,0.369499623036837,-0.414221966818248,-0.313155424835522,-1.54960301370055,-0.746813649771797,-0.0333158799910094,-1.69079155589406,1.24901477514316,-0.608078106438145,0.326580278607282,0.991898813602619,-0.0597858914254316,8.54,0
73196.0,1.18363363819141,-0.171203234110463,0.367941322958786,-0.0355285628850033,-0.573814485394707,-0.552489601765083,-0.20143426991529,0.0378716449156326,0.186673114519366,-0.0062079581656442,1.02467789651909,0.277768182227018,-1.00802528747503,0.6222594623922,0.620069304037534,0.712372263277119,-0.666821340375858,0.12212058011204,0.498761653670514,-0.0512788502809984,-0.285406696141746,-1.01959342716921,0.129175515117199,-0.0126727292160106,-0.0013854968613236,0.477322362038136,-0.0774707857726566,0.0051786628467912,40.0,0
56803.0,1.17360912432855,0.511603445630379,-0.520451475708601,1.12262620608436,0.358867369321593,-0.295960433531853,0.0250046387752933,0.144441715018701,-0.110183833896483,-0.513358438415108,1.50090553458987,-0.228726450784267,-1.57033482719858,-0.839677563070961,0.825511330386194,0.664774324101819,0.886274830361083,0.925736187467082,-0.560631850722159,-0.201841999760036,-0.0268349064777576,-0.0755364811334122,-0.129545704955994,-0.481686729713071,0.582500674589865,-0.289875901401972,0.0379128239034746,0.0374365751819376,1.0,0
41181.0,-7.33434102050082,4.96089229123138,-8.45140959148547,8.1748251681484,-7.23746372952055,-2.38271066458273,-11.5088418575552,4.63579753722901,-6.55776036636164,-11.5198609264142,6.45582813287588,-13.3802218737527,0.545279226790884,-13.0268638593173,-0.453594543596495,-13.2515419788937,-22.8839985767803,-9.28783221397402,4.03823050489431,0.723313822249839,2.15375502636012,0.0339216178167887,-0.0140949200284419,0.625249955306557,-0.0533903339689031,0.164708739959664,1.41104749421382,0.315644799820923,11.38,1
53031.0,0.206075454303215,1.38735982061524,-1.045286987034,4.22868619369076,-1.64754917421782,-0.180896946218666,-2.94367757476862,0.859155533266087,-1.18174300683428,-3.09650359868717,3.20091235546057,-2.45083242908802,0.316619878616412,-6.39717031528651,-2.12972836543767,-2.42737307534442,-4.44847225233098,-1.21222044988735,0.0346554556282822,0.351484399563241,0.46919942584802,0.344930464195865,-0.203799378001586,0.376640378487856,0.715485489514387,0.226002880910544,0.628544616302757,0.319917987612491,0.76,1
123191.0,-1.65853561685322,-0.570341057331264,1.21389690892841,-0.552021810231619,1.96862933641225,-0.600099968446557,0.139572977187105,0.267974948235693,-0.120918594365566,-0.925022891100792,0.0651027672480212,0.518462757702391,-1.09371971927342,0.0824439773658583,-2.56725715554486,-0.561687171471723,-0.138043188281037,-0.0897855668267254,0.0240690333062448,0.144567894849321,0.199998962302907,0.3687175194075,-0.391008744839398,0.769013454917694,1.17974122546175,0.540643038075113,-0.09460185440248,0.0448550822862567,9.95,0
82815.0,0.741775293716759,-1.29875230363876,0.810938677763773,0.404669574490968,-1.46782256572067,0.0993741709928805,-0.620600097337037,0.288317132963014,1.582305621637,-0.519664314572589,-1.02710584135676,-0.75730640074213,-2.6901127410721,0.0567795345270945,0.271201166913443,-0.257906859706544,0.582996074900404,-0.713957792510381,0.055153031602126,0.166178245429713,-0.103971613376097,-0.634062138849493,-0.0514346548594216,0.0987146479942184,-0.107971438862137,0.957396678668614,-0.0763136369549838,0.043509196965179,228.28,0
160895.0,-0.848290216565114,2.71988211593934,-6.19907019688041,3.04443718621919,-3.30190955339712,-1.99211683590396,-3.7349017657824,1.52007897310233,-2.54878817321614,-4.5335154033258,2.28802174654208,-5.26720466981905,0.394799950425324,-4.28799577702192,1.31527946674202,-6.46918689069948,-8.71392005149206,-3.7050697432532,3.53100289778427,0.319576271337295,1.12522925908799,0.805257864895713,0.199119186483276,0.0352062006310435,0.0121587630161963,0.601657823317562,0.137467682324392,-0.171396981067706,127.14,1
43994.0,-0.536788824173023,0.545234286647076,-0.154057403870329,-1.05204779783117,2.40506438253538,3.55615313021689,0.307192384473373,0.931850699548141,-0.343505181906175,-0.37107900613685,-0.489880634026973,-0.160732330101583,-0.19649314309053,0.130012468053455,0.160063928805017,0.0724840004145455,-0.588448637817295,0.0192994746112839,0.612117344937603,0.322083558237374,-0.166182574498896,-0.522879960679641,-0.0269987481686043,1.01460598119296,0.0092527150902518,0.219594219380125,0.313319490600439,0.186388646434052,53.5,0
74262.0,-2.25053480921229,2.36575487772312,-2.95549117924385,0.0897905975142065,-2.83074456678034,-0.844461639207772,-0.174061560679368,-0.407138137833787,0.174216293591102,-2.9989262562074,2.60516857519668,-3.67771661422902,-0.961254636207547,-4.62948099682303,1.94218161282,-4.18037888438458,-4.60568646763486,-2.55718413666009,1.58958220191211,-0.48653714178381,0.256559618287662,-0.466245243122949,0.291104927494009,0.242566552797207,-1.27909371150404,-1.12353433717278,-0.630976512544474,0.326839204012689,311.28,1
30852.0,-2.83098405592803,0.885657038258755,1.19993009832405,2.86129223993172,0.321668777779154,0.289966026429405,1.7677604489638,-2.45104966190813,0.0697358066743391,3.24508640095346,0.675287853392807,-0.677096334427304,-0.222741128141729,-0.913786970583513,1.60333192308268,-1.0245020918608,0.0220452070437295,-0.940684674142594,0.484758940230455,-1.01692314354721,0.546589339675499,0.334970736976198,0.172105676221893,0.623590288019672,-0.527114316331261,-0.079214654387473,-2.53244529803097,0.311176714703215,104.81,1
114534.0,-0.271945244154922,1.42773305162881,1.20680421517792,4.13480866743073,0.312986138914939,2.03737623787077,-0.590106108215892,0.952938933098775,-1.76641962453727,1.33991755417037,-0.683284408652956,-0.473235419160286,-0.110826842483875,0.366496700990616,0.0586490896673346,0.680881269461743,-0.332243446494735,1.5126920586003,1.59903253727877,0.0807350307387905,0.356189305946035,1.0047697696604,-0.19918954372315,-0.139973923087547,-0.621602272571066,0.489451229144428,0.119864668332168,0.131660131950069,1.82,0
42272.0,0.925523141143251,-0.687955927303698,1.01505686831191,-0.0594203378911284,-0.339518933008179,1.98513034375332,-1.03380915496956,0.776725040063563,0.885370731566358,-0.495627569221649,1.90733103448981,1.7795569295774,0.0824482663493648,-0.283834335528113,0.060322240842396,-1.19851665939652,1.08366521781284,-2.11452507921456,-0.806531282575686,-0.127516315449894,-0.0418524526460217,0.202476678591791,0.165827747369033,-0.935727835036078,-0.210463668917156,1.0500138694743,0.0301604576134982,-0.0050106493397501,37.73,0
63920.0,0.908419351962878,-0.386283289620363,1.21392789827716,1.35097275120403,-0.952295590578113,0.428767789869148,-0.683379125738284,0.366450331487321,0.554729814828395,0.0310773608081202,1.2494651797494,0.735581709755577,-0.857612211319145,0.158028638453367,0.219704666580504,0.17813329932677,-0.270194512304088,0.299369228836155,-0.651227365497798,-0.0483360786073446,0.256092376191468,0.685490494904395,-0.107668187530392,0.234551355924241,0.318233919922841,-0.249040804378881,0.0599422542018074,0.0368808610520118,87.0,0
144172.0,1.64730189922798,-1.53724265412086,-1.10588108137442,-0.215900023412131,-0.938147133822926,-0.286173586105848,-0.377144335502064,-0.111732704360076,-0.214629377576355,0.760823610849476,0.234870611009878,0.629138376671965,0.157369564986358,0.232901483706156,-0.350559541600688,-1.27110531120106,-0.547602283324081,1.88225017827555,-0.483448056629519,-0.143387859066877,-0.159968840467506,-0.37728745077078,-0.019508945143328,-0.439562131316056,-0.237427397296566,-0.357182848130826,-0.0123495004680639,-0.012354369192501,247.24,0
111116.0,-0.198807028769976,1.20533399173973,-0.113648138399152,-0.246481814843914,0.751389866319795,-0.359110630060506,0.493848935863035,-0.94892171208367,1.57306161373804,-0.625275713095325,-0.448324266368531,-3.34157764969846,0.36571731796652,2.13438284330661,0.308014589365289,-0.519039120455016,0.419601128395675,0.918949414064324,0.396165294035125,-0.213150878456699,0.935082204081013,0.67437842322186,-0.113983250113361,0.394220021441553,-0.384529701226568,-0.44894175098656,0.493216550002118,0.289281861985212,1.0,0
44261.0,0.33981206391426,-2.7437452373292,-0.134069510964111,-1.3857293091396,-1.45141332053475,1.01588659391832,-0.524379056921013,0.224060376080597,0.899746004868937,-0.565011683648515,-0.0876702572804589,0.979426987868997,0.0768828167722893,-0.217883812142159,-0.136829587651677,-2.14289209021685,0.12695606466953,1.75266150752555,0.432546223730087,0.506043885230096,-0.213435843580959,-0.94252502462284,-0.526819174549234,-1.15699189743217,0.311210510185095,-0.7466466791293,0.0409958026777039,0.102037824570113,520.12,0
71421.0,1.15700855182469,-0.197904035700321,1.13368118677838,0.668786292970851,-0.838802936974484,0.220315367932084,-0.703712640706413,0.217539123164807,0.631344103972973,-0.084038192576282,0.74247087465797,1.2386224569608,0.426561088153993,-0.310935457298229,-0.521126380299009,0.436161769234178,-0.56772444497657,0.3170191080748,0.369185606397039,-0.0473172163370098,-0.0554015809509979,0.0138969484252173,-0.0285549733905146,0.0631185823198719,0.281066377100783,0.317642537707656,0.014822938909499,0.015156186864748,11.5,0
45102.0,-0.94068385197216,0.90370291294737,0.978734162643106,-0.43771786541498,0.876942604562541,1.04721868498706,0.85971085428695,-0.240886369775627,0.607974981358821,0.867774398936758,0.181979055933319,0.376540212321377,0.071095562876871,-0.7320284438186,-0.657320989780595,-0.310168624348717,-0.671275112085945,-0.190927537942591,0.75918171567247,0.241595588811062,-0.307422867333318,-0.314468740482688,-0.266981555088291,-1.28390157363394,0.129587816431826,0.24126664474763,-0.495507085512579,-0.304586238225191,26.88,0
149236.0,-1.37097577264543,-0.0254646126717458,-2.77490691587532,2.65053018469314,4.5113092908958,-3.28934368164807,-0.118841441826044,-0.0142794452575209,-0.932772843574534,-2.63744174460075,2.85877650156878,-0.553179939159781,-0.758491998019469,-6.45502910306118,-0.154020882316443,1.32383297549701,5.5802092523309,3.29368759380439,-0.13769358207354,0.701291826581395,-0.0480610880626297,-0.59935003028155,0.0721929949962486,-0.600351420040195,0.371330623587411,-0.370950985387369,0.0119702494393591,0.145895338821258,1.0,1
101313.0,-25.825982149082,19.1672390103062,-25.3902293121699,11.1254347149714,-16.6826439195391,3.93369943022963,-37.0603114554112,-28.7597989339836,-11.1266235224579,-23.2282548357516,3.7859770496129,-10.5224940129243,-2.65749636392801,-3.79279543594993,-4.49894467676621,-6.55787310177539,-12.8672447953713,-5.80459047549908,-1.25446534452587,7.90737812724062,-16.9220157786505,5.70368400806478,3.51001884069223,0.0543302268964685,-0.671983312405663,-0.209431359115655,-4.95002186384908,-0.448412770754799,2.28,1
43985.0,-1.68216924963854,0.341438906659699,1.28737702540164,-1.00004687030909,-0.929608642597442,0.0375111788426819,0.321687167735298,0.25496747346322,1.77882907559642,0.140253360626988,-0.976074688627517,-0.206511459578096,-1.3371071815639,-0.738005967490258,-0.648063061039101,-0.155384532771182,0.0650057650151857,-0.920265186681406,-0.720251087373259,0.033008475713533,-0.284681321970278,-0.0749960172573759,0.356683849981837,0.10513325782853,-0.773269304934704,0.703220607564995,0.576198910443957,0.599467638155061,101.19,0
128519.0,-4.59944700208203,2.76253994253031,-4.6565298706326,5.20140306725894,-2.47038771213247,-0.357617930345621,-3.7671888274624,0.0614664440276634,-1.83619986278079,-1.4706452575308,2.14393063330902,-5.83973605661705,0.153011630876735,-6.17736456586248,-0.78541565373917,-4.51052273721062,-10.3405128633486,-4.18117755349571,-0.376135682527478,-1.00065772232141,1.58148035659457,0.261332719512975,0.621415022135499,0.994109926998982,-0.687853106052664,-0.337531252843331,-1.61279104641522,1.23142473470435,93.35,1
55575.0,-3.41942263819263,-1.13007559809015,1.60708637375377,2.22997892209851,2.64408903133496,-0.79353772235042,1.08824220975816,-1.00840988415033,-0.933315168258216,1.92198175926539,1.95444539942509,0.388839766922148,0.30147367767299,-0.427868493466856,-0.0292266721907548,-0.0750638320495107,-0.799127079265084,-0.629796480633153,-0.469016593690311,-1.44533223472583,-0.479674205429058,0.524022264453329,0.093685026163671,0.305230152643874,0.653962640390427,0.0228521071220258,-0.955552398442486,-0.0856295445716383,22.7,0
80768.0,-0.593355931696617,-0.122422434565888,0.656265181361477,0.642976029096935,1.97444056674972,4.6323486650344,-0.36683367989575,1.21916216968858,0.412183890944997,-0.540724435859512,-1.22029498518991,0.292568829220878,-0.376230198508498,-0.608939704413452,-1.44118664311959,-1.00177614494912,0.367732010819436,-0.102981420640138,2.0116523821524,0.369583425115721,-0.313234841104059,-0.817224698218217,0.171308283171533,0.991889636511892,-0.115857047604009,-0.454441156106253,0.185235191232211,0.162494370129469,93.95,0
